npu,target_voltage_v,frequency_mhz,static_s2st_ch1_mw,active_s2st_ch1_mw,dynamic_s2st_ch1_mw,static_cpu_ch2_mw,active_cpu_ch2_mw,dynamic_cpu_ch2_mw,static_total_ch1_ch2_mw,active_total_ch1_ch2_mw,dynamic_total_ch1_ch2_mw
S2ST,0.6,10,1.104341441,1.654693862,0.550352421,0.302762871,0.301340109,-0.001422762,1.407104312,1.956033971,0.548929659
S2ST,0.6,25,1.904241298,3.155998494,1.251757196,0.578184248,0.578553374,0.000369126,2.482425546,3.734551868,1.252126322
S2ST,0.6,39.521498,2.653154,4.614436,1.961281,0.819359,0.817221,-0.002138,3.472513,5.431657,1.959143
S2ST,0.6,40,2.678258075,4.662409261,1.984151186,0.827732297,0.825582704,-0.002149593,3.505990373,5.487991965,1.982001592
S2ST,0.6,50.170461,3.21184,5.682071,2.47023,1.005705,1.003309,-0.002396,4.217545,6.68538,2.467834
S2ST,0.6,118.503826,6.747124,12.542796,5.795672,2.151738,2.139401,-0.012337,8.898862,14.682197,5.783335
S2ST,0.65,161.208558,10.78834,20.212823,9.424483,3.458282,3.429579,-0.028702,14.246622,23.642402,9.39578
S2ST,0.7,208.500132,15.891732,29.825827,13.934095,5.14006,5.097149,-0.042911,21.031792,34.922976,13.891184
S2ST,0.75,254.65225,22.343146,41.687212,19.344066,7.210831,7.136738,-0.074093,29.553977,48.82395,19.269973
S2ST,0.8,302.845185,29.883815,55.564555,25.68074,9.662417,9.554817,-0.1076,39.546232,65.119372,25.57314
S2ST,0.85,348.993803,39.09448,72.30694,33.21246,12.661111,12.468236,-0.192875,51.755591,84.775176,33.019585
S2ST,0.9,388.752332,49.540974,91.028498,41.487524,15.946992,15.693678,-0.253314,65.487966,106.722176,41.23421
S2ST,0.95,430.557956,61.457883,112.135687,50.677804,19.78704,19.339727,-0.447313,81.244923,131.475414,50.230491
S2ST,1,475,74.845207,135.628507,60.7833,24.181255,23.406383,-0.774872,99.026462,159.03489,60.008428
